{"cameraMode":{"drawMode":0,"name":"Shaded","section":"Shading Mode"},"sceneLighting":true,"audioPlay":false,"sceneViewState":{"showFog":true,"showMaterialUpdate":false,"showSkybox":true,"showFlares":true,"showImageEffects":true,"showParticleSystems":true,"showVisualEffectGraphs":true,"m_FxEnabled":true},"in2DMode":false,"pivot":{"x":3.4627556800842287,"y":0.38558340072631838,"z":-1.7013707160949708},"rotation":{"x":-0.21755820512771607,"y":0.009352536872029305,"z":-0.002156968927010894,"w":-0.9760699272155762},"size":4.083008766174316,"orthographic":false}