{"cameraMode":{"drawMode":0,"name":"Shaded","section":"Shading Mode"},"sceneLighting":true,"audioPlay":false,"sceneViewState":{"showFog":true,"showMaterialUpdate":false,"showSkybox":true,"showFlares":true,"showImageEffects":true,"showParticleSystems":true,"showVisualEffectGraphs":true,"m_FxEnabled":true},"in2DMode":false,"pivot":{"x":-3.784768581390381,"y":-4.378663063049316,"z":3.0264973640441896},"rotation":{"x":0.004923340864479542,"y":0.9938678741455078,"z":-0.049545738846063617,"w":0.09901957958936691},"size":4.149720668792725,"orthographic":false}