{"cameraMode":{"drawMode":0,"name":"Shaded","section":"Shading Mode"},"sceneLighting":true,"audioPlay":false,"sceneViewState":{"showFog":true,"showMaterialUpdate":false,"showSkybox":true,"showFlares":true,"showImageEffects":true,"showParticleSystems":true,"showVisualEffectGraphs":true,"m_FxEnabled":true},"in2DMode":false,"pivot":{"x":0.9261557459831238,"y":0.8780165910720825,"z":-1.625260591506958},"rotation":{"x":-0.01075897179543972,"y":0.08897900581359863,"z":-0.0010340884327888489,"w":-0.9960415363311768},"size":2.824138879776001,"orthographic":false}